{"cameraMode":{"drawMode":0,"name":"Shaded","section":"Shading Mode"},"sceneLighting":false,"audioPlay":false,"sceneViewState":{"m_AlwaysRefresh":false,"showFog":true,"showSkybox":false,"showFlares":true,"showImageEffects":true,"showParticleSystems":true,"showVisualEffectGraphs":true,"m_FxEnabled":true},"in2DMode":false,"pivot":{"x":-0.019152164459228517,"y":-0.4193958044052124,"z":1.1408902406692505},"rotation":{"x":0.10199207812547684,"y":-0.8656049370765686,"z":0.19657671451568604,"w":0.4491104185581207},"size":1.8302381038665772,"orthographic":false}