{"cameraMode":{"drawMode":0,"name":"Shaded","section":"Shading Mode"},"sceneLighting":false,"audioPlay":false,"sceneViewState":{"m_AlwaysRefresh":false,"showFog":true,"showSkybox":false,"showFlares":true,"showImageEffects":true,"showParticleSystems":true,"showVisualEffectGraphs":true,"m_FxEnabled":true},"in2DMode":false,"pivot":{"x":-1.4554214477539063,"y":1.5494155883789063,"z":0.4966106414794922},"rotation":{"x":0.03840331733226776,"y":-0.9593092799186707,"z":0.16102978587150575,"w":0.22877396643161775},"size":18.557174682617189,"orthographic":false}