{"cameraMode":{"drawMode":0,"name":"Shaded","section":"Shading Mode"},"sceneLighting":false,"audioPlay":false,"sceneViewState":{"m_AlwaysRefresh":false,"showFog":true,"showSkybox":false,"showFlares":true,"showImageEffects":true,"showParticleSystems":true,"showVisualEffectGraphs":true,"m_FxEnabled":true},"in2DMode":false,"pivot":{"x":-0.1914205551147461,"y":1.2081704139709473,"z":0.04027891159057617},"rotation":{"x":0.03840331733226776,"y":-0.9593092799186707,"z":0.16102978587150575,"w":0.22877396643161775},"size":7.234142780303955,"orthographic":false}